{
    "dominio": {
        "sit2": {
            "b": -0.333333,
            "a_full": 0.166667,
            "a_red2": 1.166667,
            "a_bal": 0.0,
            "a_cov": 0.0,
            "a_help": 0.0
        },
        "sit1": {
            "b": 0.0,
            "w_covM": 0.071429,
            "w_red2M": 0.428571,
            "w_intMS": 0.357143,
            "w_helpC": 0.5
        }
    },
    "ecossistema": {
        "sit2": {
            "b": -0.333333,
            "a_full": 0.166667,
            "a_red2": 1.166667,
            "a_bal": 0.0,
            "a_cov": 0.0,
            "a_help": 0.0
        },
        "sit1": {
            "b": 0.0,
            "w_covM": 0.071429,
            "w_red2M": 0.428571,
            "w_intMS": 0.357143,
            "w_helpC": 0.5
        }
    },
    "linguagens": {
        "sit2": {
            "b": -0.333333,
            "a_full": 0.166667,
            "a_red2": 1.166667,
            "a_bal": 0.0,
            "a_cov": 0.0,
            "a_help": 0.0
        },
        "sit1": {
            "b": 0.0,
            "w_covM": 0.071429,
            "w_red2M": 0.428571,
            "w_intMS": 0.357143,
            "w_helpC": 0.5
        }
    }
}